bx_id	item	category	donor	of	taxon	note	photo_link	season
BX 351	1	BULBS	Monica Swartz	NA	Albuca juncifolia	Small bulbs. ex BX 236	NA	NA
BX 351	2	BULBS	Monica Swartz	NA	Lachenalia liliflora	Small bulbs. ex BX 181	NA	NA
BX 351	3	BULBS	Monica Swartz	NA	Lachenalia paucifolia	(Polyxena paucifolia) ex BX242. Bulblets.	NA	NA
BX 351	4	BULBS	Monica Swartz	NA	Albuca glandulifera	Small bulbs. (Original listing spelled Albuca glandulifolia). ex Jim Duggan Flower Nursery	NA	NA
BX 351	5	BULBS	Monica Swartz	NA	Tritonia dubia	Cormlets. ex BX 241	NA	NA
BX 351	6	BULBS	Monica Swartz	NA	Ornithogalum reverchonii	Small bulbs. ex BX 290	NA	NA
BX 351	7	BULBS	Monica Swartz	NA	Albuca namaquensis	Small bulbs. ex BX 174	NA	NA
BX 351	8	BULBS	Monica Swartz	NA	Lachenalia ensifolia	Small bulbs. (Polyxena ensifolia)	NA	NA
BX 351	9	BULBS	Monica Swartz	NA	Albuca acuminata	Small bulbs	NA	NA
BX 351	10	BULBS	Tom Glavich	Small bulbs	Ornithogalum pilosum	ex Charles Craib	NA	NA
BX 351	11	BULBS	Dee Foster?	Small bulbs	Eucomis comosa	mixed colors: white, pink, purple. open-pollinated	NA	NA
BX 351	12	BULBS	Kelly Irvin	NA	Lycoris houdyshelii	Small bulbs of 'the true' Lycoris houdyshelii	NA	NA
BX 351	13	BULBS	Joyce Miller	Bulbs	Camassia	Camassia;bulbs, species unknown. These were grown from BX seed. I planted C leichtlinii, C quamash and C. cusickii. The flower color is not white or blue, but is lavender.	NA	NA
BX 351	14	BULBS	Ernie DeMarie	NA	Arum dioscorides	var. cyprium	NA	NA
BX 351	15	BULBS	Ernie DeMarie	NA	Albuca circinata		NA	NA
BX 351	16	BULBS	Ernie DeMarie	NA	Amaryllis belladonna	hybrids; white, ex BX 227	NA	NA
BX 351	17	BULBS	Ernie DeMarie	NA	Amaryllis belladonna	hybrids; pinks, ex BX 227	NA	NA
BX 351	18	BULBS	Ernie DeMarie	NA	Amaryllis belladonna	hybrids; many buds per umble, ex BX 262	NA	NA
BX 351	19	BULBS	Ernie DeMarie	NA	Ferraria cf. schaeferi		NA	NA
BX 351	20	BULBS	Ernie DeMarie	NA	Freesia grandilora	ex Malawi	NA	NA
BX 351	21	BULBS	Ernie DeMarie	NA	Gladiolus orchidiflorus	Later discoved to be mixed with Gladiolus splendens	NA	NA
BX 351	22	BULBS	Ernie DeMarie	NA	Gladiolus alatus		NA	NA
BX 351	23	BULBS	Ernie DeMarie	NA	Gladiolus scullyi		NA	NA
BX 351	24	BULBS	Ernie DeMarie	NA	Gladiolus tristis	dark flowers, ex Lifestyle Seeds	NA	NA
BX 351	25	BULBS	Ernie DeMarie	NA	Gladiolus tristis	hybrid (x G. alatus?)	NA	NA
BX 351	26	BULBS	Ernie DeMarie	NA	Gladiolus virescens	ex Lifestyle Seeds	NA	NA
BX 351	27	BULBS	Ernie DeMarie	NA	Ipheion sellowianum	(Tristagma sellowianum)	NA	NA
BX 351	28	BULBS	Ernie DeMarie	NA	Ixia rouxii	ex SRGS	NA	NA
BX 351	29	BULBS	Ernie DeMarie	NA	Nerine humilis		NA	NA
BX 351	30	BULBS	Ernie DeMarie	NA	Lachenalia convallarioides	ex Silverhill	NA	NA
BX 351	31	BULBS	Ernie DeMarie	NA	Othonna sp	?; Simonsvlei, white flowers	NA	NA
BX 351	32	BULBS	Ernie DeMarie	NA	Sparaxis	Hadeco hybrids; ex Chiltern's	NA	NA
BX 351	33	BULBS	Ernie DeMarie	NA	Sparaxis tricolor	ex Silverhill	NA	NA
BX 351	34	BULBS	Ernie DeMarie	NA	Tritonia deusta		NA	NA
BX 351	35	BULBS	Ernie DeMarie	NA	Veltheimia 'Lemon Flame'	selfed	NA	NA
BX 351	36	BULBS	Ernie DeMarie	NA	Watsonia cf. laccata	orange dwarf	NA	NA
BX 352	1	SEEDS	Robert Werra	NA	Calochortus albus		NA	NA
BX 352	2	SEEDS	Robert Werra	NA	Calochortus amabilis		NA	NA
BX 352	3	SEEDS	Robert Werra	NA	Calochortus catalinae		NA	NA
BX 352	4	SEEDS	Robert Werra	NA	Calochortus obispoensis		NA	NA
BX 352	5	SEEDS	Robert Werra	NA	Calochortus uniflorus		NA	NA
BX 352	6	SEEDS	Robert Werra	NA	Calochortus venustus	white	NA	NA
BX 352	7	SEEDS	Robert Werra	NA	Calochortus weedii	yellow	NA	NA
BX 352	8	SEEDS	Robert Werra	NA	Fritillaria affinis		NA	NA
BX 352	9	SEEDS	Robert Werra	NA	Moraea bellendenii		NA	NA
BX 352	10	SEEDS	Robert Werra	NA	Moraea pendula		NA	NA
BX 352	11	SEEDS	Robert Werra	NA	Moraea polyanthos		NA	NA
BX 352	12	SEEDS	Robert Werra	NA	Moraea tripetala		NA	NA
BX 352	13	SEEDS	Robert Werra	NA	Moraea vegeta	tan	NA	NA
BX 352	14	SEEDS	Robert Werra	NA	Moraea vegeta	yellow	NA	NA
BX 352	15	SEEDS	Robert Werra	NA	Moraea vespertina		NA	NA
BX 352	16	SEEDS	Robert Werra	NA	Moraea villosa		NA	NA
BX 352	17	SEEDS	Robert Werra	NA	Romulea tabularis	blue/purple	NA	NA
BX 352	18	BULBS	Robert Werra	NA	Calochortus amabilis	cormlets	NA	NA
BX 352	19	BULBS	Robert Werra	NA	Moraea ciliata	blue. cormlets	NA	NA
BX 352	20	SEEDS	Francisco Torres	NA	Lilium pumilum		NA	NA
BX 352	21	SEEDS	Francisco Torres	NA	Tulipa kaufmanniana		NA	NA
BX 352	22	SEEDS	Francisco Torres	NA	Paris quadrifolia		NA	NA
BX 352	23	SEEDS	Francisco Torres	NA	Phalocallis coelestis	(Cypella) coelestis	NA	NA
BX 352	24	SEEDS	Francisco Torres	NA	Gladiolus palustris		NA	NA
BX 352	25	SEEDS	Francisco Torres	NA	Belamcanda sinensis	(Iris domestica)	NA	NA
BX 352	26	SEEDS	Angelo Porcelli	Seeds	Sternbergia lutea	large flowers	NA	NA
BX 352	27	SEEDS	Rodney Barton	Seeds	Camassia scilloides	ex Colin County, Texas	NA	NA
BX 352	28	SEEDS	Mary Sue Ittner	NA	Cyanella hyacinthoides	- winter growing	NA	w
BX 352	29	SEEDS	Mary Sue Ittner	NA	Eucomis bicolor	- summer growing	NA	s
BX 352	30	SEEDS	Mary Sue Ittner	NA	Freesia grandiflora	- winter growing	NA	w
BX 352	31	SEEDS	Mary Sue Ittner	NA	Lilium maritimum	- redwood forest coastal plant	NA	NA
BX 352	32	SEEDS	Mary Sue Ittner	NA	Lilium pardalinum 'Giganteum'	- seed from this plant which may be a hybrid between it and Lilium humboldtii or just a very large form, winter growing, summer flowering	NA	w
BX 352	33	SEEDS	Mary Sue Ittner	NA	Nerine platypetala	-summer growing	NA	s
BX 352	34	SEEDS	Mary Sue Ittner	NA	Nerine sarniensis	hybrids - winter growing	NA	w
BX 352	35	SEEDS	Mary Sue Ittner	NA	Sandersonia aurantiaca	- summer growing	NA	s
BX 352	36	SEEDS	Mary Sue Ittner	NA	Tigridia vanhouttei	- summer growing, individual flowers short lived, but mine blooms for months, flies pollinate it	NA	s
BX 353	1	SEEDS	Stephen Gregg	NA	Clivia miniata 'Nakamura Bronze'	Nakamura Bronze' multipetal	NA	NA
BX 353	2	SEEDS	Stephen Gregg	NA	Clivia miniata 'Chubb'	Chubb' peach-yellow	NA	NA
BX 353	3	SEEDS	Stephen Gregg	NA	Clivia miniata 'Chinese Daruma'	Chinese Daruma' selfed	NA	NA
BX 353	4	SEEDS	Stephen Gregg	NA	Clivia miniata Belgian	Belgian hybrids, yellow x red broadleafed	NA	NA
BX 353	5	SEEDS	Stephen Gregg	NA	Clivia miniata Nakamura	Nakamura hybrid, broad leafed red	NA	NA
BX 353	6	SEEDS	Stephen Gregg	NA	Clivia miniata Peachy	Peachy pastels	NA	NA
BX 353	7	SEEDS	Stephen Gregg	NA	Clivia miniata Nakamura	Nakamura pastel multipetal	NA	NA
BX 353	8	SEEDS	Arnold Trachtenberg	Small bulbs	Eucomis vandermerwei		NA	NA
BX 353	9	BULBS	Rodney Barton	NA	Moraea setifolia	from SIGNA seed	NA	NA
BX 353	10	BULBS	Rodney Barton	NA	Freesia viridis	from SIGNA seed	NA	NA
BX 353	11	BULBS	Rodney Barton	NA	Gladiolus dalenii var. garnieri Madagascar form	ex seeds from Maurice Boussard (Gladiolus garneri / Gladiolus watsonioides)	NA	NA
BX 353	12	BULBS	Francisco Torres	Seed	Pancratium maritimum		NA	NA
BX 353	13	BULBS	Ernie De Marie	Cormlets	Lapeirousia neglecta		NA	NA
BX 353	14	BULBS	Mary Sue Ittner	Bulblets	Melasphaerula ramosa		NA	NA
BX 353	15	BULBS	Mary Sue Ittner	Bulblets	Calochortus argillosus		NA	NA
BX 353	16	BULBS	Monica Swartz	Seed	Manfreda undulata		NA	NA
BX 353	17	BULBS	Monica Swartz	Small bulbs	Lachenalia vanzyliae		NA	NA
BX 353	18	BULBS	Monica Swartz	Bulbs	Lachenalia mutabilis	electric blue	NA	NA
BX 353	19	BULBS	Monica Swartz	Bulbs	Lachenalia quadricolor		NA	NA
BX 353	20	BULBS	Monica Swartz	Bulbs	Lachenalia unicolor		NA	NA
BX 353	21	BULBS	Monica Swartz	Seeds	Brunsvigia bosmaniae		NA	NA
BX 353	22	BULBS	Jude Platteborze	Small rhizomes	mixed bearded	iris	NA	NA
BX 353	23	BULBS	Jude Platteborze	NA	Convallaria	- mixed white, pink and double. Initially listed as 'Roots or Aspidistra sp.'	NA	NA
BX 353	24	BULBS	Jude Platteborze	Rhizomes	Rohdea japonica		NA	NA
BX 353	25	BULBS	Cynthia Mueller	Seed	Rhodophiala bifida	pink	NA	NA
BX 353	26	BULBS	Cynthia Mueller	Seed	Rhodophiala bifida	pink with star in throat	NA	NA
BX 353	27	SEEDS	Rimmer de Vries	NA	Lilium regale 'Alba'		NA	NA
BX 353	28	SEEDS	Rimmer de Vries	NA	Allium senescens subsp. montanum		NA	NA
BX 353	29	SEEDS	Rimmer de Vries	NA	Iris delavayi		NA	NA
BX 354	1	BULBS	Jude Platteborze	NA	Hippeastrum hybrids	Bulbs of Hippeastrum commercial hybrids. Varying from 2 - 6 cm diameter. Only one available of most of these. SPECIFY A QUANTITY OF ASSORTED BULBS. ($1 apiece) Varieties include: Joker, Desire, Exotica, Harlequin, Grand Cru, Scarlet Baby, Night Star, Jewel, Little Devil, United Nations, Donau, Pavlova, Pizzazz, Celica, Monte Carlo, President Johnson, Ragtime, Fanfare, Aphrodite, Lovely Garden, Temptation, Mega Star, Novella, Giraffe, Flamenco Queen.	NA	NA
BX 354	2	SEEDS	Jim Shields (and Charles Crane)	Seeds	Zephyranthes smallii	original seed collected near airport at Brownsville, TX	NA	NA
BX 354	3	SEEDS	Mary Sue Ittner	NA	Chlorogalum pomeridianum	- winter growing	NA	w
BX 354	4	SEEDS	Mary Sue Ittner	NA	Eucomis comosa	- summer growing, purple leaves	NA	s
BX 354	5	SEEDS	Mary Sue Ittner	NA	Nerine angustifolia	(already sprouting), open pollinated so likely hybrid	NA	NA
BX 354	6	SEEDS	Mary Sue Ittner	NA	Nerine sarniensis	(mixed colors)	NA	NA
BX 354	7	SEEDS	Mary Sue Ittner	NA	Polianthes geminiflora	- summer growing	NA	s
BX 354	8	SEEDS	Mary Sue Ittner	NA	Tigridia vanhouttei	- summer growing	NA	s
BX 354	9	SEEDS	Nicholas Plummer	Seeds	Arisaema triphyllum	- these are seeds from plants grown in my garden and are two generations removed from seed originally collected in Wake Co, NC. I usually observe good germination after cold, moist stratification.	NA	NA
BX 354	10	SEEDS	Nicholas Plummer	Seeds	Lilium formosanum	- these are the tall standard variety originally purchased from Niche Gardens. They were pollinated by moths in the open garden, but I did not have any other Lilium species blooming at the time. I think the chance of hybrids is minimal. These plants volunteer readily, so I have never attempted controlled germination. Consequently, I do not know what percentage of seeds are viable.	NA	NA
BX 354	11	SEEDS	Chris Elwell	NA	Calochortus venustus	burgundy (OP)	NA	NA
BX 354	12	SEEDS	Chris Elwell	NA	Calochortus venustus	var. sanguineus (OP)	NA	NA
BX 354	13	SEEDS	Chris Elwell	NA	Habranthus gracilifolius		NA	NA
BX 354	14	SEEDS	Dee Foster	Seeds	Gloriosa superba		NA	NA
BX 354	15	SEEDS	Dee Foster	Seeds	Eucomis comosa	pink, purple, white mix (OP)	NA	NA
BX 354	16	SEEDS	Dee Foster	Seeds	Eucomis comosa	dwarf purple (OP)	NA	NA
BX 354	17	SEEDS	Jim Waddick	Seeds	Lycoris	- L. chinensis, L. longituba, L. longituba flava and hybrids all mixed	NA	NA
BX 354	18	SEEDS	Marvin Ellenbecker	Bulbs	Hippeastrum papilio	(2 - 6 cm dia.)	NA	NA
BX 355	1	SEEDS	Rimmer de Vries	NA	Clivia miniata	yellow	NA	NA
BX 355	2	SEEDS	Rimmer de Vries	NA	Iris 'Dunshanbe'	OP- few seeds	NA	NA
BX 355	3	SEEDS	Rimmer de Vries	NA	Iris hoogiana 'Bronze Beauty' x Iris hoogiana	(med blue color)- quite a few seeds	NA	NA
BX 355	4	SEEDS	Rimmer de Vries	NA	Barnardia japonica	(Scilla) japonica; (There is much confusion about the correct name)	NA	NA
BX 355	5	SEEDS	Rimmer de Vries	NA	Tigridia pavonia	seeds from the 'Sunset in Oz' plants came From Ellen Hornig in BX 272 #10. Parent plants pictured in the Sept 2013 International rock Gardener	http://srgc.org.uk/logs/logdir/#	NA
BX 355	6	BULBS	Jim Shields	NA	Habranthus tubispathus	(typical Texas form) The rain lilies are from Charles Crane's research collection at Purdue. He collected the original bulbs in Texas up to 40 years ago. These are selected seedlings, descendants of the original wild-collected parents.	NA	NA
BX 355	7	BULBS	Jim Shields	NA	Habranthus tubispathus	(form from San Marcos county, TX) The rain lilies are from Charles Crane's research collection at Purdue. He collected the original bulbs in Texas up to 40 years ago. These are selected seedlings, descendants of the original wild-collected parents.	NA	NA
BX 355	8	BULBS	Jim Shields	NA	Zephyranthes jonesii	The rain lilies are from Charles Crane's research collection at Purdue. He collected the original bulbs in Texas up to 40 years ago. These are selected seedlings, descendants of the original wild-collected parents.	NA	NA
BX 355	9	BULBS	Jim Shields	NA	Zephyranthes pulchella	(from Texas originally) The rain lilies are from Charles Crane's research collection at Purdue. He collected the original bulbs in Texas up to 40 years ago. These are selected seedlings, descendants of the original wild-collected parents.	NA	NA
BX 355	10	BULBS	Jim Shields	NA	Zephyranthes smallii	(from Texas originally)	NA	NA
BX 355	11	BULBS	Jim Shields	NA	Tristagma	(Ipheion) 'Charlotte Bishop' (a very few bulbs) The Ipheion bulbs are originally from gardens	NA	NA
BX 355	12	BULBS	Jim Shields	NA	Tristagma	(Ipheion) 'Rolf Fiedler' The Ipheion bulbs are originally from gardens	NA	NA
BX 356	1	SEEDS	Kipp McMichael	Seeds	Crinum americanum	ex Florida	NA	NA
BX 356	2	BULBS	Kipp McMichael	Bulbils	Hymenocallis latifolia	- very few	NA	NA
BX 356	3	SEEDS	Donald Leevers	Seed	Narcissus serotinus		NA	NA
BX 356	4	SEEDS	Donald Leevers	Seed	Pancratium maritimum		NA	NA
BX 356	5	SEEDS	Donald Leevers	Seed	Cardiocrinum giganteum		NA	NA
BX 356	6	SEEDS	Bea Spencer	Seed	Agapanthus	Headbourne hybrids	NA	NA
BX 356	7	SEEDS	Jonathan Lubar	Seeds	Alophia drummondii		NA	NA
BX 356	8	SEEDS	Jonathan Lubar	Seeds	Nemastylis floridiana		NA	NA
BX 356	9	SEEDS	Shawn Pollard	NA	Amoreuxia gonzalezii		NA	NA
BX 356	10	SEEDS	Shawn Pollard	NA	Amoreuxia palmatifida		NA	NA
BX 356	11	SEEDS	Shawn Pollard	NA	Allium tuberosum		NA	NA
BX 356	12	SEEDS	Shawn Pollard	NA	Senna hirsuta var glaberrima		NA	NA
BX 356	13	SEEDS	Shawn Pollard	NA	Proboscidea althaeifolia		NA	NA
BX 357	1	SEEDS	Uli Urban	NA	Achimenes pedunculata	aerial bulbili summer growing winter dormant Gesneriad, upright plant to 1m tall, lots of small orange-red flowers, needs good light	NA	NA
BX 357	2	SEEDS	Uli Urban	NA	Albuca aurea	not really yellow, rather greenish yellow upright flowers, stout evergreen plant, flowers in spring 50cm tall. Always looks somewhat untidy.	NA	NA
BX 357	3	SEEDS	Uli Urban	NA	Albuca shawii	(Ornithogalum shawii, Albuca tenuifolia) 40cm tall, summer growing, winter dormant, nodding yellow unscented flowers, pleasantly fragrant foliage	NA	NA
BX 357	4	SEEDS	Uli Urban	NA	Albuca sp	.;?. bought as shawii but distinct. Leaves not fragrant, scented yellow nodding flowers, 40cm, possibly a variation of shawii	NA	NA
BX 357	5	SEEDS	Uli Urban	NA	Albuca sp	.;? tall white inflorescence, evergreen tidy foliage, very lush plant. bought as a very small offset in a California rare plant fair, 1,5m tall.	NA	NA
BX 357	6	SEEDS	Uli Urban	NA	Allium cernuum	charming inflorescence of many dangling purple urns, stamens protruding. 60cm tall, very hardy, summer flowering	NA	NA
BX 357	7	SEEDS	Uli Urban	NA	Arisaema cf	. consanguineum; from Chiltern seeds, tall plant, many leaflets arranged radially, green flowers, enormous bright red fruit. Not tested for hardiness. 1.2m tall.	NA	NA
BX 357	8	SEEDS	Uli Urban	NA	Canna paniculata	(?) evergreen, no rest period, it will die if you keep it as a dry rhizome. flowers in spring rather insignificant. But magnificent foliage plant. Identity not certain, from a few grains from Bolivia.	NA	NA
BX 357	9	SEEDS	Uli Urban	NA	Dahlia coccinea	(var palmeri) (open pollinated, may not come true) The original seed was from Harry Hay. Collecting data available. Fantastic plant, likes cool summers and/or semi shade. best in September when it cools down. 2,5m tall, very elegant, finely dissected foliage, horizontal bright orange single flowers. Seeds germinate best in cool conditions. Some plants may flower yellow, also attractive. VERY IMPORTANT: the tubers will form at a good distance from the main stem, only attached by a thin string-like root. It DOES form tubers, take care when digging it up for winter storage. Does not reach its adult size the first year from seed.	NA	NA
BX 357	10	SEEDS	Uli Urban	NA	Ipomoea lindheimeri	not a tuber but a fleshy rhizome. Pretty light blue flowers with a cream throat, slighty scented. A US native. Easy.	NA	NA
BX 357	11	SEEDS	Uli Urban	NA	Lilium	White Tetra Trumpets';like a giant version of Lilium regale but lacking its elegance.	NA	NA
BX 357	12	SEEDS	Uli Urban	NA	Mirabilis jalapa	tall form much taller than the trade form. Up to 1,8m. large mostly purple flowers. The tuber is so big that I can hardly carry it when I dig it up for winter storage. From cultivated plants in Bolivia.	NA	NA
BX 357	13	SEEDS	Uli Urban	NA	Nerine bowdenii	Typ Oswald From Mr Oswald in the former East-Germany. The origin of this plant is obscure. Looks like ordinary N. bowdenii but much hardier. Mr Oswald grows his stock plants among the beans and strawberries in his garden, heavily mulched in winter. (Zone 7) Seed has sprouted and is forming small bulbs. Should be planted immediately on receipt. Summer growing, it should still form a small plant this season.	NA	NA
BX 357	14	SEEDS	Uli Urban	NA	Nerine alta	(N. undulata)(?) Bought as N. bowdenii seed from David Human in South Africa but is so distinct that I doubt. Very frilled narrow petals, many more flowers per stem than bowdenii. Has proved extremely hardy (Zone 7, Temps can go down to -20Â°C) with winter mulch and protection from winter wet. Takes a long time to establish. Very attractive. Seed has sprouted as well, see above.	NA	NA
BX 357	15	SEEDS	Uli Urban	NA	Tradescantia boliviana	Only recently described. 80cm tall upright perennial, summer growing, strictly and completely dry winter dormancy. Needs full sun to remain upright, masses of medium sized purple triangles along the shoots, very attractive. Bolivian native.	NA	NA
BX 357	16	SEEDS	Uli Urban	NA	Tropaeolum pentaphyllum	subsp. megapetalum. The summer growing and winter dormant version of T. pentaphyllum, Has two relatively large bright red 'ears'. Difficult and slow to germinate, sometimes germinating very easily. Forms very large sausage shaped tubers, strictly winter dormant. Very vigorous climber. Bolivia	NA	NA
BX 357	17	SEEDS	Uli Urban	NA	Zantedeschia jucunda	originally from Chiltern seeds, summer growing winter dormant species. Attractive foliage is bright green with white dots and the flowers are of a very thick wax like texture, very long lasting but.... not very numerous. always sets seed but this takes ages to ripen. I am not sure if this seeds is properly ripe, the pods went soft and mushy so I cleaned and dried it. The pods remain on the plant long after the leaves have died down.	NA	NA
BX 357	18	BULBS	Roy Herold	NA	Rhodohypoxis	Albrighton'	NA	NA
BX 357	19	BULBS	Roy Herold	NA	Rhodohypoxis	Hinky Pinky' (few)	NA	NA
BX 357	20	BULBS	Roy Herold	NA	Rhodohypoxis	Candy Stripe'	NA	NA
BX 357	21	BULBS	Roy Herold	NA	Rhodohypoxis	Stella'	NA	NA
BX 357	22	BULBS	Roy Herold	NA	Rhodohypoxis	Tetra Pink'	NA	NA
BX 357	23	BULBS	Roy Herold	NA	Rhodohypoxis	Harlequin'	NA	NA
BX 357	24	BULBS	Roy Herold	NA	Rhodohypoxis	Matt's White';I received this one from Matt Mattus as 'White', possibly due to a lost label. I'm sure it has a proper cultivar name (perhaps 'Helen'), but I haven't been able to figure it out for sure.	NA	NA
BX 357	25	BULBS	Roy Herold	NA	Calanthe	Kozu Hybrids';Brick Red	NA	NA
BX 357	26	BULBS	Roy Herold	NA	Calanthe	Kozu Hybrids';Pink	NA	NA
BX 357	27	SEEDS	Roy Herold	NA	Eucomis vandermerwei	(OP, some might be hybrids with E. zambesiaca)	NA	NA
BX 357	28	SEEDS	Roy Herold	NA	Eucomis zambesiaca	(OP, some might be hybrids with E. vandermerwei)	NA	NA
BX 357	29	SEEDS	Bill Welch	Seed	Narcissus tazetta	best autumn and winter-flowering selections, hand-crossed, often with polyploids. Full range of colors	NA	NA
BX 357	30	SEEDS	Dave Brastow	Seed	Zephyranthes macrosiphon		NA	NA
BX 357	31	SEEDS	Jerry Lehmann	Seeds	Actaea pachypoda	from cultivated stock	NA	NA
BX 357	33	SEEDS	Ann Patterson	Seeds	Heirloom hippeastrum	that was discussed on the list a while back. One order only.	NA	NA
BX 358	1	SEEDS	Mary Sue Ittner	NA	Delphinium nudicaule	this one is a dark red, rather than the usual orange red. It bloomed early before the others so seedlings might turn out to be this color.	NA	NA
BX 358	2	SEEDS	Mary Sue Ittner	NA	Haemanthus deformis	- mostly evergreen, with giant leaves and beautiful flowers in winter, often when not much else is blooming; I grow this year round in my unheated greenhouse in Northern California.	http://pacificbulbsociety.org/pbswiki/index.php/#	e
BX 358	3	SEEDS	Mary Sue Ittner	NA	Gloriosa superba	summer growing, I let it dry out in winter in my greenhouse, but grow it there in summer where it gets extra warmth in my cooler summer climate. This is a photo of it in bloom.	http://pacificbulbsociety.org/pbswiki/files/#	s
BX 358	4	SEEDS	Mary Sue Ittner	NA	Brunsvigia grandiflora	only a few seed, some sprouting, summer flowering in South Africa, but mine in California bloom late fall, early winter	NA	NA
BX 358	5	SEEDS	Mary Sue Ittner	NA	Moraea polystachya	long blooming fall into winter, may need some moisture during dormancy, comes into growth early fall	NA	w
BX 358	6	SEEDS	Mary Sue Ittner	NA	Scadoxus membranaceus	- only a few seed, summer growing, this is a lovely plant, see photos here from Nhu and me	http://pacificbulbsociety.org/pbswiki/index.php/#	s
BX 358	7	SEEDS	Ina Crossley	NA	Zephyranthes 'Hidalgo' 'John Fellers'		NA	NA
BX 358	8	SEEDS	Ina Crossley	NA	Zephyranthes jonesii		NA	NA
BX 358	9	SEEDS	Ina Crossley	NA	Zephyranthes dichromantha		NA	NA
BX 358	10	SEEDS	Ina Crossley	NA	Zephyranthes flavissima		NA	NA
BX 358	11	SEEDS	Ina Crossley	NA	Zephyranthes minuta	white	NA	NA
BX 358	12	SEEDS	Ina Crossley	NA	Zephyranthes katheriniae	red form	NA	NA
BX 358	13	SEEDS	Ina Crossley	NA	Zephyranthes 'Pink Beauty'		NA	NA
BX 358	14	SEEDS	Ina Crossley	NA	Zephyranthes macrosiphon 'Hidalgo'		NA	NA
BX 358	15	SEEDS	Ina Crossley	NA	Zephyranthes drummondii		NA	NA
BX 358	16	SEEDS	Ina Crossley	NA	Zephyranthes citrina		NA	NA
BX 358	17	SEEDS	Ina Crossley	NA	Zephyranthes primulina		NA	NA
BX 358	18	SEEDS	Ina Crossley	NA	Zephyranthes lindleyana		NA	NA
BX 358	19	SEEDS	Ina Crossley	NA	Zephyranthes mesochloa		NA	NA
BX 358	20	SEEDS	Ina Crossley	NA	Zephyranthes morrisclintii		NA	NA
BX 358	21	SEEDS	Ina Crossley	NA	Zephyranthes primulina	hybrid	NA	NA
BX 358	22	SEEDS	Ina Crossley	NA	Zephyranthes 'Sunset Strain'		NA	NA
BX 358	23	SEEDS	Ina Crossley	NA	Zephyranthes minuta 'Rosea'		NA	NA
BX 358	24	SEEDS	Ina Crossley	NA	Zephyranthes 'Hidalgo' x Z. grandiflora		NA	NA
BX 358	25	SEEDS	Ina Crossley	NA	Zephyranthes reginae		NA	NA
BX 358	26	SEEDS	Ina Crossley	NA	Tigridia pavonia	white	NA	NA
BX 358	27	SEEDS	Ina Crossley	NA	Kniphofia typhoides		NA	NA
BX 358	28	SEEDS	Tim Eck	NA	H. 'Emerald' x H. 'Grandeur'	Hippeastrum crosses	NA	NA
BX 358	29	SEEDS	Tim Eck	NA	H. 'Lima' x (H. papilio x H. mandonii)	Hippeastrum crosses	NA	NA
BX 358	30	SEEDS	Tim Eck	NA	H. 'Evergreen' x (H.papilio x (H. cybister x H. papilio))	Hippeastrum crosses	NA	NA
BX 358	31	SEEDS	Tim Eck	NA	(H. neopardinum x H. papilio) x (H. cybister x H. papilio) F2	cv 'Jade Dragon' (one parent was 7 1/2 ' and the other 8').	NA	NA
BX 358	32	SEEDS	Tim Eck	NA	H. papilio x S. 'Durgha-Pradham'	Hippeastrum x Sprekelia	NA	NA
BX 358	33	SEEDS	Tim Eck	NA	H. 'Emerald' x S. 'Durgha-Pradham'	Hippeastrum x Sprekelia	NA	NA
BX 358	34	SEEDS	Tim Eck	NA	H. papilio x S. formosissima	Hippeastrum x Sprekelia	NA	NA
BX 359	1	BULBS	Lyn Makela	NA	Crinum 'Menehune'	deep wine-color leaves (Crinum oliganthum x C. asiaticum?)	NA	NA
BX 359	2	BULBS	Lyn Makela	NA	Talinum sp	from Yucca Do, ex Salta City, Argentina. Looks like 'Eyerdamii'? 12 inches	NA	NA
BX 359	3	BULBS	Lyn Makela	NA	Zephyranthes verecunda rosea	(Zephyranthes minuta 'Rosea')	NA	NA
BX 359	4	BULBS	Mary Sue Ittner	NA	Cyrtanthus elatus x montanus	- I keep in my greenhouse year round, for photos and info:	http://pacificbulbsociety.org/pbswiki/index.php/#	e
BX 359	5	BULBS	Mary Sue Ittner	NA	Rhodohypoxis baurii	- light pink, summer growing	NA	s
BX 359	6	BULBS	Mary Sue Ittner	NA	Tigridia vanhouttei	- winter dormant for me, summer growing, blooms late summer to fall, pollinated by flies	NA	s
BX 359	7	BULBS	Jim Waddick	NA	Zephyranthes candida		NA	NA
BX 359	8	BULBS	Jim Waddick	NA	Zephyranthes citrina		NA	NA
BX 359	9	BULBS	Jim Waddick	NA	Zephyranthes pulchella		NA	NA
BX 359	10	BULBS	Jim Waddick	NA	Zephyranthes candida	from a source different from #7	NA	NA
BX 359	11	BULBS	Jim Waddick	NA	Zephyranthes	Lost Label - citrina - I think, might be candida or something else.	NA	NA
BX 359	12	BULBS	Jim Waddick	NA	Drimiopsis maculata	ex Mark Mazer	NA	NA
BX 360	1	SEEDS	Lynn Makela	NA	Zephyranthes drummondii		NA	NA
BX 360	2	SEEDS	Lynn Makela	NA	Zephyranthes lindleyana		NA	NA
BX 360	3	SEEDS	Lynn Makela	NA	Zephyranthes morrisclintii		NA	NA
BX 360	4	SEEDS	Lynn Makela	NA	Zephyranthes primulina		NA	NA
BX 360	5	SEEDS	Lynn Makela	NA	Zephyranthes reginae		NA	NA
BX 360	6	SEEDS	Lynn Makela	NA	Zephyranthes sp.	. ex Jacala, Mexico, wine red	NA	NA
BX 360	7	SEEDS	Tim Eck	NA	Hippeastrum neopardinum x H. papilio	F2	NA	NA
BX 360	8	SEEDS	Tim Eck	NA	Hippeastrum 'Lima' x H. 'Jade Dragon'		NA	NA
BX 360	9	SEEDS	Tim Eck	NA	Hippeastrum (neopardinum x papilio ) x (cybister x papilio)	Excellent!	NA	NA
BX 360	10	SEEDS	Tim Eck	NA	Hippeastrum 'Ludwig Goliath' x 'Red Pearl'	Both > 8 inch dia. flowers	NA	NA
BX 360	11	SEEDS	Tim Eck	NA	Hippeastrum (papilio x mandonii) x 'Jade Dragon'		NA	NA
BX 360	12	SEEDS	Tim Eck	NA	Hippeastrum papilio x 'Purple Rain'		NA	NA
BX 360	13	SEEDS	Tim Eck	NA	Hippeastrum 'Lima' x 'Grandeur'		NA	NA
BX 360	14	SEEDS	Tim Eck	NA	Hippeastrum 'Jade Dragon'x (papilio x neopardinum)	Excellent!	NA	NA
BX 360	15	SEEDS	Tim Eck	NA	Hippeastrum (puniceum x papilio) x (papilio x mandonii)		NA	NA
BX 360	16	SEEDS	Tim Eck	NA	Hippeastrum 'Giraffe' F2 x 'Purple Rain'		NA	NA
BX 360	17	SEEDS	Fred Biasella	NA	Hippeastrum 'Red Garden'	(cluster type), selfed	NA	NA
BX 360	18	SEEDS	Fred Biasella	NA	Hippeastrum 'Bogota'	selfed	NA	NA
BX 360	19	SEEDS	Fred Biasella	NA	Hippeastrum 'Charisma'	selfed	NA	NA
BX 360	20	SEEDS	Rimmer de Vries	NA	Clivia miniata	hybrid; small red, OP, from B&O pastel x large Belgian	NA	NA
BX 361	1	BULBS	Jyl Tuck	NA	Ledebouria socialis		NA	NA
BX 361	2	BULBS	Jyl Tuck	NA	Allium cristophii		NA	NA
BX 361	3	BULBS	Jyl Tuck	NA	Arisaema flavum		NA	NA
BX 361	4	SEEDS	Larry Neel	NA	Corydalis cava		NA	NA
BX 361	5	SEEDS	Larry Neel	NA	Corydalis intermedia		NA	NA
BX 361	6	SEEDS	Larry Neel	NA	Corydalis ornata		NA	NA
BX 361	7	SEEDS	Larry Neel	NA	Corydalis paczoskii		NA	NA
BX 361	8	SEEDS	Larry Neel	NA	Corydalis solida	mixed	NA	NA
BX 361	9	SEEDS	Larry Neel	NA	Corydalis 'Falls of Nimrodel'		NA	NA
BX 361	10	SEEDS	Larry Neel	NA	Corydalis solida 'Zwanenburg'		NA	NA
BX 361	11	SEEDS	Larry Neel	NA	Corydalis solida 'George Baker'		NA	NA
BX 361	12	SEEDS	Larry Neel	NA	Corydalis tauricola x caucasica		NA	NA
BX 361	13	SEEDS	Larry Neel	NA	Corydalis wendelboi 'Purple King'		NA	NA
BX 361	14	SEEDS	Mary Sue Ittner	Seed	Haemanthus pauculifolius	(few)	NA	NA
BX 361	15	BULBS	Mary Sue Ittner	NA	Cyrtanthus mackenii	evergreen	NA	e
BX 361	16	BULBS	Mary Sue Ittner	NA	Oxalis purpurea	white	NA	NA
BX 361	17	BULBS	Mary Sue Ittner	NA	Oxalis purpurea 'Skar'		NA	NA
BX 361	18	BULBS	Mary Sue Ittner	NA	Oxalis hirta	mauve	NA	NA
BX 361	19	BULBS	Mary Sue Ittner	NA	Oxalis melanosticta 'Ken Aslet'	fall-blooming	NA	NA
BX 361	20	BULBS	Mary Sue Ittner	NA	Oxalis flava	yellow, fall-blooming	NA	NA
BX 361	21	BULBS	Mary Sue Ittner	NA	Oxalis engleriana	fall-blooming	NA	NA
BX 361	22	BULBS	Mary Sue Ittner	NA	Oxalis imbricata		NA	NA
BX 361	23	BULBS	Mary Sue Ittner	NA	Oxalis pardalis	MV 7632, fall-blooming	NA	NA
BX 361	24	BULBS	Mary Sue Ittner	NA	Oxalis flava	(lupinifolia), fall-blooming	NA	NA
BX 361	25	BULBS	Mary Sue Ittner	NA	Oxalis polyphylla var. heptaphylla	MV 6396, fall-blooming	NA	NA
BX 361	26	BULBS	Mary Sue Ittner	NA	Oxalis obtusa 'Peaches and Cream'		NA	NA
BX 361	27	BULBS	Mary Sue Ittner	NA	Oxalis obtusa	MV 6341	NA	NA
BX 361	28	BULBS	Mary Sue Ittner	NA	Oxalis purpurea	lavender and white	NA	NA
BX 361	29	BULBS	Mary Sue Ittner	NA	Oxalis obtusa		NA	NA
BX 361	30	BULBS	Mary Sue Ittner	NA	Tulipa linifolia		NA	NA
BX 362	1	BULBS	Monica Swartz	Bulbs	Alocasia hypnosa		NA	NA
BX 362	2	BULBS	Nick Plummer	NA	Oxalis hirta		NA	NA
BX 362	3	BULBS	Nick Plummer	NA	Oxalis namaquana	(maybe O. flava)	NA	NA
BX 362	5	BULBS	John Wickham	NA	Oxalis fabifolia		NA	NA
BX 362	6	BULBS	John Wickham	NA	Oxalis cathara		NA	NA
BX 362	7	BULBS	John Wickham	NA	Oxalis sp	?, MV 5117	NA	NA
BX 362	8	BULBS	John Wickham	NA	Oxalis bowiei		NA	NA
BX 362	9	BULBS	John Wickham	NA	Oxalis namaquana		NA	NA
BX 362	10	BULBS	John Wickham	NA	Oxalis glabra		NA	NA
BX 362	11	BULBS	John Wickham	NA	Oxalis polyphylla heptaphylla	(again!, don't worry about it)	NA	NA
BX 362	12	BULBS	John Wickham	NA	Lachenalia aloides var. quadricolor		NA	NA
BX 362	13	BULBS	John Wickham	NA	Lachenalia pallida		NA	NA
BX 362	14	BULBS	John Wickham	NA	Lachenalia pendula	(syn. L. bulbifera)	NA	NA
BX 362	15	BULBS	John Wickham	NA	Gladiolus cunonius		NA	NA
BX 363	1	SEEDS	Rimmer de Vries	NA	Clivia hybrid	F2 from deep red, tulip-form , large Belgian, 2 - 3 inch wide leaves (Seed pods were very red)	NA	NA
BX 363	2	SEEDS	Rimmer de Vries	NA	Clivia hybrid	yellow (Vico yellow x Solomone yellow) open-pollinated (Seed pods were very yellow	NA	NA
BX 363	3	SEEDS	Stephen Putman	NA	Hippeastrum reticulatum var. striatifolium		NA	NA
BX 363	4	SEEDS	Stephen Putman	NA	Hippeastrum stylosum		NA	NA
BX 363	5	SEEDS	Dennis Kramb	NA	Iris versicolor	dark blue with heavy white veining	NA	NA
BX 363	6	SEEDS	Karl Church	NA	Moraea gigantea	OP, ex Telos	NA	NA
BX 363	7	SEEDS	Karl Church	NA	Calochortus weedii	OP	NA	NA
BX 363	8	SEEDS	Karl Church	NA	Moraea setifolia	OP	NA	NA
BX 363	9	SEEDS	Karl Church	NA	Freesia laxa	OP	NA	NA
BX 363	10	SEEDS	Karl Church	NA	Habranthus tubispathus	OP	NA	NA
BX 363	11	SEEDS	Karl Church	NA	Hippeastrum 'Orange Sovereign'	OP	NA	NA
BX 363	12	SEEDS	Shawn Pollard	NA	Hesperocallis undulata		NA	NA
BX 363	13	SEEDS	Shawn Pollard	NA	Bursera fagaroides		NA	NA
BX 363	14	SEEDS	Shawn Pollard	NA	Asclepias albicans		NA	NA
BX 363	15	SEEDS	Shawn Pollard	NA	Canna sp	small yellow flowers, maybe a few red, in great abundance	NA	NA
BX 363	16	SEEDS	Marvin Ellenbecker	NA	Freesia laxa	red and some pure white	NA	NA
BX 363	17	SEEDS	Marvin Ellenbecker	NA	Veltheimia bracteata	usual form	NA	NA
BX 363	18	SEEDS	Marvin Ellenbecker	NA	Veltheimia bracteata	smaller European selection with more yellow in the flowers FEW SEEDS	NA	NA
BX 363	19	SEEDS	Marvin Ellenbecker	NA	Clivia miniata	original plant came from Cecil Houdyshel Nursery, La Verne, CA, in 1957	NA	NA
BX 363	20	SEEDS	Kipp McMichael	NA	Boophane disticha	from pink mother and deep red father	NA	NA
BX 364	1	BULBS	Mary Sue Ittner	NA	Haemanthus humilis subsp. humilis	These are small seedlings grown from seed of Stutterheim form (white). Plant immediately.;	http://www.pacificbulbsociety.org/pbswiki/index.php/Haemanthus_humilis	NA
BX 364	2	BULBS	Mary Sue Ittner	NA	Oxalis asinina		NA	NA
BX 364	3	BULBS	Mary Sue Ittner	NA	Oxalis bowiei		NA	NA
BX 364	4	BULBS	Mary Sue Ittner	NA	Oxalis callosa		NA	NA
BX 364	5	BULBS	Mary Sue Ittner	NA	Oxalis caprina		NA	NA
BX 364	6	BULBS	Mary Sue Ittner	NA	Oxalis commutata		NA	NA
BX 364	7	BULBS	Mary Sue Ittner	NA	Oxalis compressa	(double flowers)	NA	NA
BX 364	8	BULBS	Mary Sue Ittner	NA	Oxalis depressa	MV 4871	NA	NA
BX 364	9	BULBS	Mary Sue Ittner	NA	Oxalis flava	(received as pink & mostly pink, occasionally a yellow one shows up)	NA	NA
BX 364	10	BULBS	Mary Sue Ittner	NA	Oxalis hirta		NA	NA
BX 364	11	BULBS	Mary Sue Ittner	NA	Oxalis hirta 'Gothenburg'	produces giant bulbs and you only need a couple for a pot and it doesn't increase much. Very very limited supply	NA	NA
BX 364	12	BULBS	Mary Sue Ittner	NA	Oxalis luteola	MV 5567	NA	NA
BX 364	13	BULBS	Mary Sue Ittner	NA	Oxalis sp	. MV 4674 (perhaps O. commutata?)	NA	NA
BX 364	14	BULBS	Mary Sue Ittner	NA	Oxalis obtusa	coral	NA	NA
BX 364	15	BULBS	Mary Sue Ittner	NA	Oxalis obtusa	MV 5005a	NA	NA
BX 364	16	BULBS	Mary Sue Ittner	NA	Oxalis obtusa	MV 5051	NA	NA
BX 364	17	BULBS	Mary Sue Ittner	NA	Oxalis obtusa	MV6235	NA	NA
BX 364	18	BULBS	Mary Sue Ittner	NA	Oxalis obtusa	MV 7085	NA	NA
BX 364	19	BULBS	Mary Sue Ittner	NA	Oxalis obtusa	(peach) - looks like MV 5005a	NA	NA
BX 364	20	BULBS	Mary Sue Ittner	NA	Oxalis palmifrons		NA	NA
BX 364	21	BULBS	Mary Sue Ittner	NA	Oxalis versicolor		NA	NA
BX 364	22	BULBS	Mary Sue Ittner	NA	Tulipa batalinii	(small bulbs)	NA	NA
BX 364	23	BULBS	Mary Sue Ittner	NA	Tulipa 'Red Cup'	(small bulbs) - This was purchased as Tulipa humilis 'Red Cup', but I'm suspicious about the name. I've found online pictures of Tulipa hageri 'Red Cup' that look like it. I'd love to know what to call it on the wiki. It's very pretty anyway.;	http://www.pacificbulbsociety.org/pbswiki/index.php/TulipaSpeciesTwo#humilis	NA
BX 364	24	BULBS	Roy Herold	NA	Erythronium americanum		NA	NA
BX 364	25	BULBS	Jim Waddick	NA	Ledebouria 'Pauciflora'		NA	NA
BX 365	1	SEEDS	Paul Matthews	NA	Pamianthe peruviana		NA	NA
BX 365	2	SEEDS	Ray Talley	NA	Veltheimia bracteata		NA	NA
BX 365	3	SEEDS	Jim Waddick	NA	Helocodiceros musciveros	Dead Horse Arum. Inflorescence is quite stinky. Gorgeous foliage. Hardy in Kansas City grown HOT, Dry and good drainage.	NA	NA
BX 365	4	SEEDS	Kathleen Sayce	NA	Cyclamen hederifolium	fresh from the pods, cleaned in a little clean sand. This population has wide color variations, dark pink to white, and foliage silvering also varies from nearly all green to very silver.	NA	NA
BX 365	5	SEEDS	Kathleen Sayce	NA	Erythronium revolutum		NA	NA
BX 365	6	SEEDS	Rodney Barton	NA	Zephyranthes drummondii	syn. Cooperia pedunculata	NA	NA
BX 365	7	SEEDS	Nick Plummer	NA	Zephyranthes flavissima		NA	NA
BX 365	8	SEEDS	Nick Plummer	NA	Aquilegia Canadensis	good companion for spring flowering bulbs	NA	NA
BX 365	9	SEEDS	Nick Plummer	NA	Habranthus robustus	x self, pale flowers, wide petals and sepals	NA	NA
BX 365	10	SEEDS	Jim Waddick	NA	Crinum bulbispermum	Jumbo strain	NA	NA
BX 366	1	BULBS	Roy Herold	NA	Albuca acuminata	Plettenberg Bay small offsets	NA	NA
BX 366	2	BULBS	Roy Herold	NA	Albuca sp	. Silverhill 14088, small seedlings	NA	NA
BX 366	3	BULBS	Roy Herold	NA	Ambrosina bassii		NA	NA
BX 366	4	BULBS	Roy Herold	NA	Daubenya marginata	Fransplaas MX21, small seedlings	NA	NA
BX 366	5	BULBS	Roy Herold	NA	Daubenya stylosa	MX20, small seedlings	NA	NA
BX 366	6	BULBS	Roy Herold	NA	Lachenalia pusilla	ex Hannon, small seedlings	NA	NA
BX 366	7	SEEDS	Roy Herold	NA	Massonia depressa	Carolusberg Mine M49. The following Massonias are from my 2011 seed collections in South Africa. These are one to two years old seedlings, some very small, and in very limited quantities.	NA	NA
BX 366	8	SEEDS	Roy Herold	NA	Massonia depressa	Kamieskroon Church M57. The following Massonias are from my 2011 seed collections in South Africa. These are one to two years old seedlings, some very small, and in very limited quantities.	NA	NA
BX 366	9	SEEDS	Roy Herold	NA	Massonia depressa	large Modderfontein M51. The following Massonias are from my 2011 seed collections in South Africa. These are one to two years old seedlings, some very small, and in very limited quantities.	NA	NA
BX 366	10	SEEDS	Roy Herold	NA	Massonia depressa	near Kamieskroon Hotel M56. The following Massonias are from my 2011 seed collections in South Africa. These are one to two years old seedlings, some very small, and in very limited quantities.	NA	NA
BX 366	11	SEEDS	Roy Herold	NA	Massonia depressa	Nieuwoudtville waterfall, reddest M48. The following Massonias are from my 2011 seed collections in South Africa. These are one to two years old seedlings, some very small, and in very limited quantities.	NA	NA
BX 366	12	SEEDS	Roy Herold	NA	Massonia depressa	small Modderfontein M53. The following Massonias are from my 2011 seed collections in South Africa. These are one to two years old seedlings, some very small, and in very limited quantities.	NA	NA
BX 366	13	SEEDS	Roy Herold	NA	Massonia pygmaea	5km S Elands Bay M59. The following Massonias are from my 2011 seed collections in South Africa. These are one to two years old seedlings, some very small, and in very limited quantities.	NA	NA
BX 366	14	SEEDS	Roy Herold	NA	Massonia pygmaea	Modderfontein renosterveld M54. The following Massonias are from my 2011 seed collections in South Africa. These are one to two years old seedlings, some very small, and in very limited quantities.	NA	NA
BX 366	15	SEEDS	Roy Herold	NA	Massonia pygmaea	Modderfontein wet pasture M55. The following Massonias are from my 2011 seed collections in South Africa. These are one to two years old seedlings, some very small, and in very limited quantities.	NA	NA
BX 366	16	SEEDS	Roy Herold	NA	Massonia echinata	Napier ex McMaster. These Massonias are also small seedlings.	NA	NA
BX 366	17	SEEDS	Roy Herold	NA	Massonia hirsuta	MG2712. These Massonias are also small seedlings.	NA	NA
BX 366	18	SEEDS	Roy Herold	NA	Massonia jasminiflora	Modder River. These Massonias are also small seedlings.	NA	NA
BX 366	19	SEEDS	Roy Herold	NA	Massonia jasminiflora	Smithfield. These Massonias are also small seedlings.	NA	NA
BX 366	20	SEEDS	Roy Herold	NA	Massonia pustulata	very pustulate parents M41 ex Cumbleton. These Massonias are also small seedlings.	NA	NA
BX 366	21	SEEDS	Roy Herold	NA	Oxalis bowiei		NA	NA
BX 366	22	SEEDS	Roy Herold	NA	Oxalis luteola	MV5567	NA	NA
BX 366	23	SEEDS	Roy Herold	NA	Oxalis melanosticta 'Ken Aslet'		NA	NA
BX 366	24	SEEDS	Roy Herold	NA	Oxalis obtusa 'Heirloom Pink'	best bloomer	NA	NA
BX 366	25	SEEDS	Roy Herold	NA	Oxalis palmifrons		NA	NA
BX 366	26	SEEDS	Roy Herold	NA	Oxalis 'perdicaria var malacoides'	ex BX183-13	NA	NA
BX 366	27	SEEDS	Roy Herold	NA	Oxalis 'polyphylla heptaphylla'		NA	NA
BX 366	28	SEEDS	Roy Herold	NA	Oxalis sp	. Uli69	NA	NA
BX 366	29	SEEDS	Roy Herold	NA	Oxalis sp	. Sutherland ex Hannon, like Ken Aslet with larger flowers	NA	NA
BX 366	30	SEEDS	Roy Herold	NA	Polyxena ensifolia	blooming size. Polyxenas are small seedlings unless noted. [NOTE: most Polyxenas are currently considered to be Lachenalias]	NA	NA
BX 366	31	SEEDS	Roy Herold	NA	Polyxena longituba	Polyxenas are small seedlings unless noted. [NOTE: most Polyxenas are currently considered to be Lachenalias]	NA	NA
BX 366	32	SEEDS	Roy Herold	NA	Polyxena maughanii	Silverhill. Polyxenas are small seedlings unless noted. [NOTE: most Polyxenas are currently considered to be Lachenalias]	NA	NA
BX 366	33	SEEDS	Roy Herold	NA	Polyxena odorata	(Lachenalia ensifolia) Polyxenas are small seedlings unless noted. [NOTE: most Polyxenas are currently considered to be Lachenalias]	NA	NA
BX 366	34	SEEDS	Roy Herold	NA	Polyxena sp	. Silverhill 4748. Polyxenas are small seedlings unless noted. [NOTE: most Polyxenas are currently considered to be Lachenalias]	NA	NA
BX 367	1	BULBS	Roy Herold	NA	Narcissus albidus occidentalis	N028 Narcissus are mostly blooming size. N numbers are Roy's own.	NA	NA
BX 367	2	BULBS	Roy Herold	NA	Narcissus assoanus	ex Spain N079 Narcissus are mostly blooming size. N numbers are Roy's own.	NA	NA
BX 367	3	BULBS	Roy Herold	NA	Narcissus 'Atlas Gold'	JCA805Y Narcissus are mostly blooming size. N numbers are Roy's own.	NA	NA
BX 367	4	BULBS	Roy Herold	NA	Narcissus bulbocodium	hybrid N051 Narcissus are mostly blooming size. N numbers are Roy's own.	NA	NA
BX 367	5	BULBS	Roy Herold	NA	Narcissus bulbocodium	N020 Narcissus are mostly blooming size. N numbers are Roy's own.	NA	NA
BX 367	6	BULBS	Roy Herold	NA	Narcissus bulbocodium	N052 Narcissus are mostly blooming size. N numbers are Roy's own.	NA	NA
BX 367	7	BULBS	Roy Herold	NA	Narcissus bulbocodium obesus	N024 Narcissus are mostly blooming size. N numbers are Roy's own.	NA	NA
BX 367	8	BULBS	Roy Herold	NA	Narcissus bulbocodium obesus	N027A Narcissus are mostly blooming size. N numbers are Roy's own.	NA	NA
BX 367	9	BULBS	Roy Herold	NA	Narcissus bulbocodium var. praecox	N076 Narcissus are mostly blooming size. N numbers are Roy's own.	NA	NA
BX 367	10	BULBS	Roy Herold	NA	Narcissus bulbocodium ssp romieuxii	N013 Narcissus are mostly blooming size. N numbers are Roy's own.	NA	NA
BX 367	11	BULBS	Roy Herold	NA	Narcissus bulbocodium tenuifolius	N022 Narcissus are mostly blooming size. N numbers are Roy's own.	NA	NA
BX 367	12	BULBS	Roy Herold	NA	Narcissus 'Joy Bishop'	N068 Narcissus are mostly blooming size. N numbers are Roy's own.	NA	NA
BX 367	13	BULBS	Roy Herold	NA	Narcissus 'Julia Jane'	N105 ex Odyssey, different from N106 Narcissus are mostly blooming size. N numbers are Roy's own.	NA	NA
BX 367	14	BULBS	Roy Herold	NA	Narcissus 'Julia Jane'	N106 ex McGary, different from N105 Narcissus are mostly blooming size. N numbers are Roy's own.	NA	NA
BX 367	15	BULBS	Roy Herold	NA	Narcissus	Mixed Seedlings These date back to a mass sowing in 2004 of seed from moderately controlled crosses of romieuxii, cantabricus, albidus, zaianicus, and similar early blooming sorts of the bulbocodium group. Colors tend to be light yellow through cream to white, and flowers are large, much larger than the little gold colored bulbocodiums of spring. These have been selected three times, and the keepers are choice. Similar to my 2012 PBS offering.	NA	NA
BX 367	16	BULBS	Roy Herold	NA	Narcissus 'Nylon'	Narcissus are mostly blooming size. N numbers are Roy's own.	NA	NA
BX 367	17	BULBS	Roy Herold	NA	Narcissus romieuxii albidus tananicus	N002 Narcissus are mostly blooming size. N numbers are Roy's own.	NA	NA
BX 367	18	BULBS	Roy Herold	NA	Narcissus 'Treble Chance'	JCA805 N066 Narcissus are mostly blooming size. N numbers are Roy's own.	NA	NA
BX 367	19	BULBS	Roy Herold	NA	Narcissus zaianicus lutescens x cantabricus	N037 Narcissus are mostly blooming size. N numbers are Roy's own.	NA	NA
BX 367	20	BULBS	Roy Herold	NA	Oxalis engleriana		NA	NA
BX 367	21	BULBS	Roy Herold	NA	Lachenalia pallida	ex BX 297	NA	NA
BX 367	22	BULBS	Jim Waddick	NA	Ledebouria socials cv 'violacea'	Received years ago under this name, but now known as simply L. socialis. Easy succulent bulb. Plant bulbs with base barely below soil level. Tender in Kansas City . Zone 8? 9?10?	NA	NA
BX 367	23	BULBS	John Wickham	NA	Babiana 'Blue Gem'		NA	NA
BX 367	24	BULBS	John Wickham	NA	Babiana 'Brilliant Blue'		NA	NA
BX 367	25	BULBS	John Wickham	NA	Babiana 'Deep Dreams'		NA	NA
BX 367	26	BULBS	John Wickham	NA	Babiana 'Mighty Magenta'		NA	NA
BX 367	27	BULBS	John Wickham	NA	Babiana 'Purple Haze'		NA	NA
BX 367	28	BULBS	John Wickham	NA	Babiana rubrocyanea		NA	NA
BX 367	29	BULBS	John Wickham	NA	Babiana stricta		NA	NA
BX 368	2	BULBS	John Wickham	NA	Ferraria crispa	(mixed forms)	NA	NA
BX 368	7	BULBS	John Wickham	NA	Freesia grandiflora		NA	NA
BX 368	8	BULBS	John Wickham	NA	Freesia leichtlinii		NA	NA
BX 368	9	BULBS	John Wickham	NA	Gladiolus carmineus		NA	NA
BX 368	10	BULBS	John Wickham	NA	Gladiolus splendens		NA	NA
BX 368	11	BULBS	John Wickham	NA	Gladiolus virescens		NA	NA
BX 368	12	BULBS	John Wickham	NA	Homoglad hybrids	(ex Annies Annuals)	NA	NA
BX 368	13	BULBS	John Wickham	NA	Lachenalia contaminata		NA	NA
BX 368	14	BULBS	John Wickham	NA	Narcissus	odoratus	NA	NA
BX 368	15	BULBS	John Wickham	NA	Oxalis flava	yellow	NA	NA
BX 368	16	BULBS	John Wickham	NA	Narcissus 'Polly's Tazettas'		NA	NA
BX 368	17	BULBS	John Wickham	NA	Tritonia 'Rosy Picture'		NA	NA
BX 368	18	BULBS	John Wickham	NA	Tritonia 'Salmon Run'		NA	NA
BX 368	19	BULBS	John Wickham	NA	Tritonia hyalina	(crocata?)	NA	NA
BX 368	20	BULBS	John Wickham	NA	Watsonia aletroides		NA	NA
BX 368	21	BULBS	Pamela Slate	NA	Albuca clanwilliamae-gloria		NA	NA
BX 368	22	BULBS	Pamela Slate	NA	Ferraria crispa	yellow form	NA	NA
BX 368	23	BULBS	Pamela Slate	NA	Ferraria crispa subsp. nortierii		NA	NA
BX 368	24	BULBS	Pamela Slate	NA	Ferraria crispa	usual form	NA	NA
BX 368	25	BULBS	Pamela Slate	NA	Watsonia 'Flamboyant'	stunning deep coral; need support	NA	NA
BX 368	26	BULBS	Nhu Nguyen	NA	Lachenalia mixed		NA	NA
BX 368	27	BULBS	Jim Waddick	NA	Habranthus martinezii		NA	NA
BX 368	28	BULBS	Jim Waddick	NA	Crinum 'Menehune'	a tropical cultivar said to originate from Hawaii. Zone 8 or warmer. AKA Crinum 'Purple Passion'. Has very dark purple foliage. Small grower suited to pot culture.	NA	NA
BX 368	1.Cyanella orchidiformis	BULBS	John Wickham	NA	Cyanella orchidiformis	NA	NA	NA
BX 368	3.Ferraria densipunctulata	BULBS	John Wickham	NA	Ferraria densipunctulata	NA	NA	NA
BX 368	4.Ferraria uncinata	BULBS	John Wickham	NA	Ferraria uncinata	NA	NA	NA
BX 368	5.Freesia alba	BULBS	John Wickham	NA	Freesia alba	NA	NA	NA
BX 368	6.Freesia fucata	BULBS	John Wickham	NA	Freesia fucata	NA	NA	NA
BX 369	1	BULBS	Mary Sue Ittner	NA	Brodiaea pallida		NA	NA
BX 369	2	BULBS	Mary Sue Ittner	NA	Calochortus argillosus	- bulblets	NA	NA
BX 369	3	BULBS	Mary Sue Ittner	NA	Dichelostemma capitatum	- cormlets grown from Channel Islands seed	NA	NA
BX 369	4	BULBS	Mary Sue Ittner	NA	Narcissus 'Stocken'		NA	NA
BX 369	5	BULBS	Mary Sue Ittner	NA	Nothoscordum dialystemon	(Ipheion dialystemon)	NA	NA
BX 369	6	BULBS	Mary Sue Ittner	NA	Oxalis flava	(lupinifolia)	NA	NA
BX 369	7	BULBS	Mary Sue Ittner	NA	Oxalis luteola	MV5567	NA	NA
BX 369	8	BULBS	Mary Sue Ittner	NA	Oxalis obtusa	(not sure of color)	NA	NA
BX 369	9	BULBS	Mary Sue Ittner	NA	Oxalis obtusa	(yellow I think)	NA	NA
BX 369	10	BULBS	Mary Sue Ittner	NA	Spiloxene capensis	(pink I think)	NA	NA
BX 369	11	BULBS	Mary Sue Ittner	NA	Spiloxene capensis	(white I think )	NA	NA
BX 369	12	BULBS	Mary Sue Ittner	NA	Tristagma uniflorum	(Ipheion uniflorum) white	NA	NA
BX 369	13	BULBS	Mary Sue Ittner	NA	Tropaeolum tricolor		NA	NA
BX 369	14	BULBS	Roy Herold	NA	Cyrtanthus labiatus	ex BX 234	NA	NA
BX 369	15	BULBS	Roy Herold	NA	Cyclamen africanum	silver center	NA	NA
BX 369	16	BULBS	Roy Herold	NA	Ornithogalum schmalhausenii	ex Ruksans (VERY FEW)	NA	NA
BX 369	17	BULBS	Roy Herold	NA	Ornothogalum sp	., short, ex McGary (FEW)	NA	NA
BX 369	18	BULBS	Fred Thorne	NA	Oxalis caprina	ex BX 318	NA	NA
BX 369	19	BULBS	Fred Thorne	NA	Oxalis imbricata	ex BX 318	NA	NA
BX 369	20	BULBS	Fred Thorne	NA	Oxalis namaquana	ex BX 318	NA	NA
BX 369	21	BULBS	Nick Plummer	NA	Hippeastrum psittacinum	(FEW)	NA	NA
BX 369	22	BULBS	Nick Plummer	NA	Hippeastrum aulicum	(FEW)	NA	NA
BX 369	23	BULBS	Nick Plummer	NA	Hippeastrum glaucescens	(FEW)	NA	NA
BX 370	1	SEEDS	Nick Plummer	NA	Amorphophallus konjac		NA	NA
BX 370	2	SEEDS	Nick Plummer	NA	Hymenocallis astrostephana		NA	NA
BX 370	3	SEEDS	Kipp McMichael	NA	Brunsvigia josephiniae	. A very deep red form - the mother bulb was selfed to produce seeds on 2(!) bloom stems this season.	NA	NA
BX 370	4	BULBS	Tom Glavich from the collection of the late Charles Hardman	NA	Amaryllis belladonna	light pink with darker veins, small bulbs	NA	NA
BX 370	5	BULBS	Tom Glavich from the collection of the late Charles Hardman	NA	Cyclamen graecum	good sized tubers	NA	NA
BX 370	6	BULBS	Tom Glavich from the collection of the late Charles Hardman	NA	Haemanthus humilis subsp. hirsutus	small bulbs	NA	NA
BX 370	7	BULBS	Tom Glavich from the collection of the late Charles Hardman	NA	Ferraria sp	. ex Michael Vassar 55 km north of Port Nolloti? in pure white sand in full sun, sand dune near ocean; 60 cm long lvs; corms grow very deep. small corms	NA	NA
BX 370	8	BULBS	Tom Glavich from the collection of the late Charles Hardman	NA	Allium coryi	small bulbs	NA	NA
BX 370	9	BULBS	Tom Glavich from the collection of the late Charles Hardman	NA	Muscari armeniacum		NA	NA
BX 370	10	BULBS	Jane McGary	NA	Crocus tournefortii		NA	NA
BX 370	11	BULBS	Lynn Makela	NA	Oxalis compressa	double	NA	NA
BX 370	12	BULBS	Lynn Makela	NA	Oxalis melanosticta		NA	NA
BX 370	13	BULBS	Lynn Makela	NA	Oxalis namaquana		NA	NA
BX 370	14	BULBS	Lynn Makela	NA	Oxalis purpurea	white	NA	NA
BX 370	15	BULBS	Lynn Makela	NA	Oxalis purpurea 'Garnet'		NA	NA
BX 370	16	BULBS	Lynn Makela	NA	Oxalis purpurea	deep rose	NA	NA
BX 370	17	BULBS	Lynn Makela	NA	Oxalis purpurea	salmon	NA	NA
BX 370	18	BULBS	Lynn Makela	NA	Oxalis purpurea	yellow	NA	NA
BX 370	19	BULBS	Lynn Makela	NA	Oxalis stenorrhyncha		NA	NA
BX 370	20	BULBS	Pamela Slate	NA	Lachenalia mathewsii		NA	NA
BX 370	21	BULBS	Pamela Slate	NA	Lachenalia viridiflora	ex Hammer	NA	NA
BX 370	22	BULBS	Pamela Slate	NA	Lachenalia orchioides var. glaucina		NA	NA
BX 370	23	BULBS	Pamela Slate	NA	Lachenalia kliprandensis		NA	NA
BX 370	24	BULBS	Pamela Slate	NA	Lachenalia algoensis	ex Mark Mazer	NA	NA
BX 370	25	BULBS	Pamela Slate	NA	Lachenalia mutabilis	ex M. Swartz, BX 273	NA	NA
BX 370	26	BULBS	Pamela Slate	NA	Lachenalia quadricolor		NA	NA
BX 370	27	BULBS	Pamela Slate	NA	Lachenalia juncifolia	ex Mazer	NA	NA
BX 371	1	BULBS	Fred Throne	Small bulbs	Lachenalia rubida		NA	NA
BX 371	2	BULBS	Fred Throne	Offsets	Fritillaria uva-vulpis		NA	NA
BX 371	3	BULBS	Arnold Trachtenberg	Tubers	Arum palaestinum	(few)	NA	NA
BX 371	4	BULBS	Judy Glattstein	Small corms	Freesia 'Red River'	red	NA	NA
BX 371	5	BULBS	Judy Glattstein	Small corms	Freesia 'Port Salut'	yellow	NA	NA
BX 371	6	BULBS	Judy Glattstein	Small corms	Freesia 'Ambiance'	white	NA	NA
BX 371	7	BULBS	Mary Sue Ittner	corms	Blooming size	corms of Watsonia aletroides, 'my most dependably blooming watsonia'	NA	NA
BX 371	8	BULBS	Mary Sue Ittner	Cormlets	Geissorhiza imbricata		NA	NA
BX 371	9	BULBS	Mary Sue Ittner	Small corms	Geissorhiza? or Hesperantha?	NA	NA	NA
BX 371	10	BULBS	Mary Sue Ittner	Small bulbs	Lachenalia quadricolor		NA	NA
BX 371	11	BULBS	Mary Sue Ittner	Small bulbs	Oxalis namaquana		NA	NA
BX 371	12	BULBS	Mary Sue Ittner	Small bulbs	Oxalis glabra		NA	NA
BX 371	13	BULBS	Jyl Tuck	Small tubers	Arisaema triphyllum	dark burgundy inflorescence, red veining on leaves	NA	NA
BX 371	14	SEEDS	Jyl Tuck	Seeds	Arisaema triphyllum	dark burgundy inflorescence, red veining on leaves	NA	NA
BX 371	15	SEEDS	Jyl Tuck	Seed	Arisaema amurense		NA	NA
BX 371	16	BULBS	Jyl Tuck	Small bulbs	Albuca shawii	(A. tenuifolia), 'This albuca shawii with green tuff on inflorescence is what I sent in bulbs and seeds instead of my plain seed raised one. I just think its nicer ----- even though I don't know why it is this way and no one could help me at the PBS.'	NA	NA
BX 371	17	BULBS	Terry Laskiewicz	Small bulbs	Gladiolus uysiae		NA	NA
BX 371	18	BULBS	Terry Laskiewicz	Small bulbs	Fritillaria affinis 'Wayne Roderick'		NA	NA
BX 371	19	BULBS	Terry Laskiewicz	Small bulbs	Fritillaria striata		NA	NA
BX 371	20	BULBS	Chris Elwell	Tubers	Arum dioscoridis	(Very Few)	NA	NA
BX 371	21	BULBS	Chris Elwell	Tubers	Arum concinnatum	few	NA	NA
BX 371	22	BULBS	Chris Elwell	Bulb	Acis valentina	(Very Few)	NA	NA
BX 371	23	BULBS	Chris Elwell	Bulblets	Calochortus uniflorus		NA	NA
BX 371	24	BULBS	Chris Elwell	Bulblets	Calochortus luteus		NA	NA
BX 371	25	SEEDS	Arnold Trachtenberg	Seeds	Clivia 'Moondrops' 	Clivia 'Moondrops' F2 Gardenii.2014 x Yellow miniata	NA	NA
BX 372	1	BULBS	Monica Swartz	Bulbs	Gladiolus tristis	ex bx 219	NA	NA
BX 372	2	BULBS	Monica Swartz	Bulbs	Moraea tripetala	ex Telos Rare Bulbs	NA	NA
BX 372	3	SEEDS	Monica Swartz	Seed	Brunsvigia bosmaniae	from Telos bulbs	NA	NA
BX 372	4	BULBS	Monica Swartz	Bulbs	Lachenalia unifolia	ex Telos Rare Bulbs	NA	NA
BX 372	5	BULBS	Monica Swartz	Bulbs	Lachenalia mutabilis	electric blue form ex bx 181	NA	NA
BX 372	6	BULBS	Monica Swartz	Bulbs	Albuca aff. flaccida	from a volunteer from Arid Lands	NA	NA
BX 372	7	BULBS	Monica Swartz	Bulbs	Albuca sp	. Plettenberg Bay ex BX 178 ex Roy Herold who wrote the following: 'from seed collected in November, 2006 from a plant growing in pure sand at the edge of the beach, perhaps 50 meters from the high waterline. This plant had gone dormant, and only the scape and seed pods remained, approximately 20-30cm high. Seedlings grew strongly through last summer and winter, and went dormant in May, stretching to go deeply into the pot.'	NA	NA
BX 372	8	BULBS	Monica Swartz	Tubers	Alocasia x amazonica	an easy and common house plant (A. x mortfontanensis)?	NA	NA
BX 372	9	BULBS	Mary Sue Ittner	NA	Ferraria sp	? Corms	NA	NA
BX 372	10	BULBS	Rimmer de Vries	Small bulbs	Oxalis obtusa	pink	NA	NA
BX 372	11	BULBS	Rimmer de Vries	NA	Eucharis sp	? , only one bulb	NA	NA
BX 372	12	BULBS	Rimmer de Vries	NA	Pancratium zeylanicum	only one bulb	NA	NA
BX 372	13	BULBS	Jyl Tuck	Small tubers	Arisaema amurense		NA	NA
BX 372	14	BULBS	Francisco Lopez	Bulbils	Lilium lancifolium		NA	NA
BX 372	15	BULBS	Francisco Lopez	Small bulbs	Allium roseum		NA	NA
BX 372	16	BULBS	Francisco Lopez	Small bulbs	Ornithogalum caudatum	(Albuca bracteata?) (Lonocornelos caudatum?)	NA	NA
BX 372	17	BULBS	Francisco Lopez	Small corms	Watsonia sp	?	NA	NA
BX 372	18	BULBS	Giovanni Curci	Small bulbs	Clinanthus incarnatus	yellow form (VERY FEW)	NA	NA
BX 372	19	BULBS	Giovanni Curci	Small bulbs	Phaedranassa viridiflora		NA	NA
BX 372	20	SEEDS	Jim Waddick	NA	Lycoris chinensis	These seed are from fairly isolated parents with this name, but it hybridizes readily with other fertile species. Expect flowers that are yellow to gold in color, somewhat 'spidery' in form and around 30 in tall. These are both Spring foliage species NOT suited to Mediterranean or South eastern climates. Do best north of zone 7 into Zone 4 and 5. NOT recommended for Southern CA. Plant seeds immediately on receipt as they do not have a long shelf life. They do poorly in pots for long term and rarely bloom in pots.	NA	NA
BX 372	21	SEEDS	Jim Waddick	NA	Lycoris hybrids	These are a mix of L. chinensis and L. longituba. Flowers will be smooth or spidery, from white to gold and may have some pink tints. Easy and hardy in Zone 5/6. These are both Spring foliage species NOT suited to Mediterranean or South eastern climates. Do best north of zone 7 into Zone 4 and 5. NOT recommended for Southern CA. Plant seeds immediately on receipt as they do not have a long shelf life. They do poorly in pots for long term and rarely bloom in pots.	NA	NA
BX 373	1	BULBS	Arnold Trachtenberg	Bulbs	Cyrtanthus hybrid	orange-scarlet trumpets.	NA	NA
BX 373	2	SEEDS	Dell Sherk	Seeds	Clivia 'Solomone light orange x yellow'	selfed	NA	NA
BX 373	3	BULBS	Rimmer de Vries	Small bulbs	Tulipa sylvestris		NA	NA
BX 373	4	BULBS	Uli Urban	NA	Nymphaea sp.	??, purple/blue, tuberous. I am very pleased to be able to share these tubers this year. I got this plant under the name of N. daubenyana which it is definetely not. The closest I came when I compared pictues on the web is the Hybrid 'Tina' . A magnificent aquatic with large very fragrant purple-blue flowers with yellow center that last several days and which are held above the water surface. In summer it needs as warm water as possible, mine is growing in a free standing tank of black plastic which is warmed up by the sun. No artificial heating. Fertilized with Osmocote which does not trouble the water. It should perform very well in warm summer climates in the US. It is viviparous which means that it can form young plants on the leaves. This is stimulated by cool temperatures and as we had an exceptionally long and mild autumn I could harvest a lot of small tubers that formed on the leaves where the stalk is attached. Some of these had sprouted and formed small leaves and roots. These small tubers should be kept slighty moist in sphagnum or peat or the like, I treated them with a fungicide to prevent rot. In spring they should be started in warm water in an aquarium with extra light and planted out into their summer basin once the water is warm enough. I start mine in May at 25Â°C in small pots and plant them into a large pot in the tank in June. In warmer climes this can be done earlier. The adult tubers reach about nut-size. After the first frost (I had flowers poking through a thin layer of ice, frozen of course) I remove the pot from the tank, cut off all the leaves at about 15cm from the base, give a GOOD spray of fungicide and dry down the pot slowly. I remove all remains of leaf stalks as they die down. Before it is totally dry it is wrapped into a plastic bag and stored at about 12Â°C until May. I had some losses if the pot gets too dry or if mildew attacks while still very wet. I have never had leaf tubers in autumn so this is an experiment for me, too. I keep some of the sprouted tubers in unheated water in the cold greenhouse, they look o.k. so far.	NA	NA
BX 373	5	BULBS	Uli Urban	NA	Begonia martiana var gracilis	(syn. B. gracilis), the 'hollyhock begonia' The material supplied is not seed but small bulbili which are produced en masse at the end of the growing period. These should be 'sown' immediately on receipt and kept just barely moist. Begonia martiana sprouts fairly late at the end of May. If kept totally dry these bulbili may dessicate and die. A very rewarding beautiful plant. But needs some patience if grown from these bulbili.	NA	NA
BX 373	6	SEEDS	Uli Urban	Seed	Nerine bowdenii	(?) Type Human. originally from wild seed sent by David Human. This is a VERY hardy plant with large bulbs and a large inflorescence with fairly small very frilled pink flowers. Different from ordinary N. bowdenii. Knowlegable people commented that this may not be N. bowdenii but a different species. It takes a while to raise a flowering plant from seed but is very much worth the patience. Has survived the coldest winter with a good mulch and overhead protection from winter wet. Seed needs immediate sowing as it already starts to sprout.	NA	NA
BX 373	7	SEEDS	Uli Urban	Seed	Nerine bowdenii	Type Oswald. The origin of this form cannot be traced. I got very good bulbs from Mr Oswald from former East Germany where it was grown for a long time. East Germany was fairly isolated from the West during communist times but had an active gardening tradition. Many breeding programmes emphasized hardiness with the (political) aim to be independent and self sufficient. He grew these bulbs amongst the beans and strawberries in rows in his vegetable garden and gave it a very thick winter mulch made of compost and stable manure. A very good plant, hardy in almost all winters with a good mulch and overhead protection against winter wet. Typical bright pink Nerine bowdenii flowers. Needs immediate sowing.	NA	NA
BX 374	1	BULBS	Joyce Miller	NA	Albuca shawii	(A. tenuifolia) Small bulbs	NA	NA
BX 374	2	BULBS	Joyce Miller	NA	Drimiopsis kirkii	? (D. botryoides) Small bulbs	NA	NA
BX 374	3	BULBS	Joyce Miller	NA	Sinninigia sellovii	Various sized tubers	NA	NA
BX 374	4	BULBS	Joyce Miller	NA	Eucrosia bicolor	Various sized bulbs	NA	NA
BX 374	5	BULBS	Joyce Miller	NA	Lachenalia quadricolor	(L. aloides quadricolor). Small bulbs	NA	NA
BX 374	6	BULBS	Joyce Miller	NA	Camassia sp	? Various sized bulbs	NA	NA
BX 374	7	SEEDS	Uli Urban	Seeds	Scadoxus sp	? My Scadoxus plant came from a plant sale in a Botanical Garden in Germany where they had an old plant of amazing size in a very large tub, this plant was full of spent flowers and must have looked magnificent when it was in flower. Unfortunately there was no name on the plant. They said the seedlings they were selling came from this plant. It flowered for the very first time last year, I handpollinated the flowers and got a handful of berries. It could be the old Hybrid 'King Albert'	NA	NA
BX 375	1	BULBS	Rimmer De Vries	NA	Eucharis amazonica	- as stated in prior BXs these are presumed to carry a virus load but they bloom nicely-see photos;	https://www.flickr.com/photos/32952654@N06/sets/72157651609454716/	NA
BX 375	2	BULBS	Rimmer De Vries	NA	Othonna aff. perfoliata	ex Mike Vassar 7454, Simonsviel- (ex BX 353 as Othonna Sp? white) these have large fleshy leaves with purple backs and small yellow florets without ray petals, (ex BX 353 as Othonna Sp? white) these do very well if occasionally watered well while in growth in fall- winter see photos;	https://www.flickr.com/photos/32952654@N06/sets/72157651257523029/	NA
BX 375	3	BULBS	Rimmer De Vries	NA	Massonia echinata	ex NARGS 2012/13 #1684;	https://www.flickr.com/photos/32952654@N06/sets/72157649341793814/	NA
BX 375	4	BULBS	Rimmer De Vries	NA	Albuca humilis	JCA 15.856 - collected at 3,000M on gravelly ledges and pockets below cliffs in the Drakensberg- Mont aux Source collected on 25th March 1996 (Trip 30 field notes), see http://files.srgc.net/archibald/fieldnotes/30JCASAfrica1996.pdf;	https://www.flickr.com/photos/32952654@N06/sets/72157646437270133/	NA
BX 375	5	BULBS	Rimmer De Vries	NA	Albuca namaquensis	ex BX 351 bloomed winter 2014-15 ;	https://www.flickr.com/photos/32952654@N06/sets/72157649471752610/	NA
BX 375	6	BULBS	Rimmer De Vries	NA	Albuca nelsonii	PBS seed sale Feb 2014	NA	NA
BX 375	7	BULBS	Rimmer De Vries	NA	Cyclamen seedlings	probably persicum ex rock or alpine society seed ex.;	https://www.flickr.com/photos/32952654@N06/16964424816/	NA
BX 375	8	BULBS	Rimmer De Vries	NA	Cyclamen graecum		NA	NA
BX 375	9	BULBS	Rimmer De Vries	NA	Lachenalia pendula	(AKA L.bulbifera) ex BX 362	NA	NA
BX 375	10	BULBS	Rimmer De Vries	NA	Cyrtanthus elatus 'Pink Diamond'	from Glasshouse Works -few small bulbs or offsets, some in leaf	NA	NA
BX 375	11	SEEDS	Rimmer De Vries	NA	Clivia miniata	hybrid yellow;	https://www.flickr.com/photos/32952654@N06/16988983822/in/album-72157651257749069/	NA
BX 375	12	SEEDS	Rimmer De Vries	NA	Clivia miniata	red Nakumura type ex Kevin Akers;	https://www.flickr.com/photos/32952654@N06/16370236073/in/album-72157651257749069/	NA
BX 375	13	SEEDS	Rimmer De Vries	NA	Hybrid Clivia	? of Clivia caulescens X Clivia miniata-yellow Clivia caulescens -(JES # Clivia caulescens Woodbush)= pod parant flower: https://www.flickr.com/photos/32952654@N06/16964393666/in/album-72157651257749069/ x pollen from Clivia miniata-yellow- seed received from Maris Andersons 2007 flower: https://www.flickr.com/photos/32952654@N06/15859590245/in/album-72157647104139113/ seed:;	https://www.flickr.com/photos/32952654@N06/16782956697/in/album-72157651257749069/	NA
BX 376	1	BULBS	Jill Peterson	NA	Haemanthus humilis ssp. hirsutus	Small bulbs	NA	NA
BX 376	2	SEEDS	Jill Peterson	NA	Clivia	seeds from a plant with deep orange flowers	NA	NA
BX 376	3	SEEDS	Jill Peterson	NA	Clivia	seeds from a variegated plant with orange flowers.	NA	NA
BX 376	4	BULBS	Rimmer de Vries	NA	Haemanthus albiflos	wide green leaves, white flower - germinated seedlings from my plant- started in Jan 2015.;	https://www.flickr.com/photos/32952654@N06/sets/72157651531259990/	NA
BX 376	5	BULBS	Rimmer de Vries	NA	Albuca suaveolens	1 yrs old seedlings grown from PBS seed sale Feb 2014- blooms in 1 yrs from seed;	https://www.flickr.com/photos/32952654@N06/sets/72157649619924043/	NA
BX 376	6	BULBS	Rimmer de Vries	NA	Albuca sp	?, green and white - 1 yr old seedlings grown from PBS seed sale Feb 2014.	NA	NA
BX 376	7	BULBS	Mary Sue Ittner	NA	Ledebouria cooperi	summer growing	NA	s
BX 376	8	BULBS	Mary Sue Ittner	NA	Oxalis engleriana		NA	NA
BX 376	9	BULBS	Mary Sue Ittner	NA	Oxalis flava	(yellow)	NA	NA
BX 376	10	BULBS	Mary Sue Ittner	NA	Oxalis hirta 'Gothenburg'		NA	NA
BX 376	11	BULBS	Mary Sue Ittner	NA	Oxalis obtusa	MV6341	NA	NA
BX 376	12	BULBS	Mary Sue Ittner	NA	Oxalis zeekoevleyensis		NA	NA
BX 376	13	SEEDS	Mary Sue Ittner	NA	Haemanthus albiflos	Short lived seed	NA	NA
BX 376	14	SEEDS	Nick Plummer	Seeds	Hippeastrum papilio x reginae		NA	NA
BX 376	15	BULBS	Dee Foster	NA	Moraea villosa	Small corms	NA	NA
BX 376	16	BULBS	Dee Foster	NA	Lachenalia mutabilis	originally from UCI. Bulblets	NA	NA
BX 377	1	BULBS	Tim Eck	NA	(Hippeastrum papilio x H. mandonii) x H. 'Jade Dragon'	{'Jade Dragon' = H. cybister x H. papilio, F2} Seedling bulbs of Hippeastrum crosses. All are close to 1 cm  dia.	NA	NA
BX 377	2	BULBS	Tim Eck	NA	Hippeastrum 'Orange Sovereign' x H. 'Red Pearl'	{large multiflowered orange-red x large multiflowered black-red}	NA	NA
BX 377	3	BULBS	Tim Eck	NA	Hippeastrum 'Ludwig Goliath' x H. 'Red Pearl'	{both very large multiflowered reds} Seedling bulbs of Hippeastrum crosses. All are close to 1 cm  dia.	NA	NA
BX 377	4	BULBS	Tim Eck	NA	Hippeastrum 'White Wedding' x H. 'Red Pearl'	{large white x large red-black'; could show bands and textures} Seedling bulbs of Hippeastrum crosses. All are close to 1 cm  dia.	NA	NA
BX 377	5	BULBS	Tim Eck	NA	(Hippeastrum papilio x H. mandonii) x H. 'Evergreen'	Seedling bulbs of Hippeastrum crosses. All are close to 1 cm dia.	NA	NA
BX 377	6	BULBS	Tim Eck	NA	Hippeastrum correiense x H. papilio	{this papilio has excellent flower quality} Seedling bulbs of Hippeastrum crosses. All are close to 1 cm  dia.	NA	NA
BX 377	7	BULBS	Tim Eck	NA	Hippeastrum 'Jade Dragon' x (H. neopardinum x H. papilio)	Jade Dragon' x (H. neopardinum x H. papilio) {'Jade Dragon' = H. cybister x H. papilio, F2} Seedling bulbs of Hippeastrum crosses. All are close to 1 cm  dia.	NA	NA
BX 378	1	BULBS	Rimmer de Vries	NA	Albuca juncifolia	ex BX 351 #1	NA	NA
BX 378	2	BULBS	Rimmer de Vries	NA	Albuca clanwilliamae-gloria	from Feb 2014 PBX seed sale	NA	NA
BX 378	3	BULBS	Rimmer de Vries	NA	Albuca acuminata	ex BX 351 #9 blooming size bulbs and lots of small bulbs.	NA	NA
BX 378	4	BULBS	Mary Sue Ittner	NA	Polianthes geminiflora	Bulbs to plant now	NA	s
BX 378	5	BULBS	Mary Sue Ittner	NA	Oxalis bowiei		NA	w
BX 378	6	BULBS	Mary Sue Ittner	NA	Oxalis asinina	(or O. fabifolia)	NA	w
BX 378	7	BULBS	Mary Sue Ittner	NA	Oxalis caprina		NA	w
BX 378	8	BULBS	Mary Sue Ittner	NA	Oxalis flava	mostly pink	NA	w
BX 378	9	BULBS	Mary Sue Ittner	NA	Oxalis imbricata		NA	w
BX 378	10	BULBS	Mary Sue Ittner	NA	Oxalis luteola	MV 5567	NA	w
BX 378	11	BULBS	Mary Sue Ittner	NA	Oxalis melanosticta 'Ken Aslet'		NA	w
BX 378	12	BULBS	Mary Sue Ittner	NA	Oxalis obtusa	MV 5005a	NA	w
BX 378	13	BULBS	Mary Sue Ittner	NA	Oxalis obtusa	coral	NA	w
BX 378	14	BULBS	Mary Sue Ittner	NA	Oxalis obtusa	MV 7085	NA	w
BX 378	15	BULBS	Mary Sue Ittner	NA	Oxalis purpurea	white	NA	w
BX 378	16	BULBS	Mary Sue Ittner	NA	Oxalis purpurea 'Skar'	Skar'	NA	w
BX 378	17	BULBS	Mary Sue Ittner	NA	Tulipa turkestanica		NA	w
BX 379	1	SEEDS	Fred Biasella	Seeds	Hippeastrum 'Red Garden'		NA	NA
BX 379	2	BULBS	Fred Biasella	Small bulbs	Phaedranassa viridiflora		NA	NA
BX 379	3	SEEDS	Pam Slate	Seed	xHippeastrelia	selfed. ex Buried Treasures, Valrico, FL	NA	NA
BX 379	4	BULBS	Pam Slate	Small bulbs	Ornithogallum osmynellum	(Albuca osmynella); ex BX 148, ex Steve Hammer, ex Noreogas	NA	NA
BX 379	5	BULBS	Scott VanGerpen	NA	Four taxa	One order, only. All four in a lot: 1 bulb of Biarum marmarisense; 1 cormlet of Geissorhiza radians, 1 bulb of Massonia pygmaea subsp. kamiesbergensis; and 1 bulb of Lachenalia trichophylla	NA	NA
BX 379	6	BULBS	Arnold Trachtenberg	Corms	Chasmanthe floribunda 'Duckittii'		NA	NA
BX 379	7	BULBS	Rimmer de Vries	Bulbs	Albuca suaveolens		NA	NA
BX 379	8	BULBS	Rimmer de Vries	Tubers	Othonna sp	?	NA	NA
BX 380	1	BULBS	Uli Urban	NA	Lachenalia punctata	(syn. L. rubida) bulbili. The plant is quite showy with red tubular flowers in early spring and is strictly winter growing. The bulbili form at the leaf bases and on the midrib like structure of the leaf.The mother plant was given to me by Dietrich MÃ¼ller-Doblis but I do not have the collection data.	NA	NA
BX 380	2	BULBS	Uli Urban	NA	Gladiolus flanaganii	cormlets and small corms. It grows very vigorously with me but is a little shy to flower, easy, summer growing and winter dry.	NA	NA
BX 380	3	BULBS	Uli Urban	NA	Tropical waterlily	Tubers of my blue tropical waterlily. I posted those before. I lost the mother tubers in winter due to rot but the small tubers that formed in the center of the leaves were kept in moist Sphagnum with some fungicide at a temperature around 10Â°C. They kept very well, I started 2 of them at the end of April and all sprouted. I had kept one in unheated water in my frost free but cold greenhouse. It is sprouting, too. They should be started immediately in warm water, give them as much light and warmth as possible, fertilize well (Osmocote is best) and then they will grow VERY quickly. Purple-blue flowers with yellow centre held above the water, very scented. Will form new tubers or even small plants on the leaves (viviparous) Identity is uncertain, I got it as an exchange from the Strasbourg Botanical Garden in France under the name of Nymphaea daubeniana which it is definitely not. It comes closest to the Hybrid 'Tina'	NA	NA
BX 380	4	SEEDS	Rimmer de Vries	NA	Cyclamen graecum	fresh seeds moist packed in vermiculite.	NA	NA
BX 380	5	SEEDS	Rimmer de Vries	NA	Clivia miniata	hyb; Seeds of hyb- ex Maris Andersons- blooms as Salmon D4 to Apricot D6 (VERY FEW)	NA	NA
BX 381	1	SEEDS	Monica Swartz	Seed	Hymenocallis guerreroensis	from bx 243	NA	NA
BX 381	2	BULBS	Monica Swartz	Bulbs	Lachenalia longituba	from bx 2008 seed clearance	NA	NA
BX 381	3	BULBS	Monica Swartz	Bulbs	Massonia cf. pustulata	from bx 174, ex Roy Herold, ex NARGS	NA	NA
BX 381	4	BULBS	Monica Swartz	Bulbs	Massonia echinata	mix of parents, some from bx 212	NA	NA
BX 381	5	BULBS	Monica Swartz	Bulbs	Massonia depressa	should all be from a brown flowered form though there may be some from a yellow flowered form.	NA	NA
BX 381	6	BULBS	Makiko Goto-Widerman	Small corms	Freesia laxa	orange	NA	NA
BX 381	7	SEEDS	Sophie Dixon	Seeds	Hippeastrum 'Charisma'		NA	NA
BX 381	8	BULBS	Mary Sue Ittner	NA	Acis autumnalis		NA	NA
BX 381	9	BULBS	Mary Sue Ittner	NA	Cyrtanthus mackenii	- plant immediately as this one is evergreen	NA	e
BX 381	10	BULBS	Mary Sue Ittner	NA	Oxalis bifurca		NA	NA
BX 381	11	BULBS	Mary Sue Ittner	NA	Oxalis commutata		NA	NA
BX 381	12	BULBS	Mary Sue Ittner	NA	Oxalis sp	. MV4674	NA	NA
BX 381	13	BULBS	Mary Sue Ittner	NA	Oxalis pardalis	MV7632	NA	NA
BX 381	14	BULBS	Mary Sue Ittner	NA	Oxalis obtusa 'Peaches & Cream'		NA	NA
BX 381	15	BULBS	Mary Sue Ittner	NA	Oxalis versicolor		NA	NA
BX 381	16	BULBS	Mary Sue Ittner	NA	Tulipa linifolia	(yellow, form known by most at Tulipa batalinii), small bulbs	NA	NA
BX 381	17	BULBS	Mary Sue Ittner	NA	Tulipa linifolia	(red), small bulbs	NA	NA
BX 381	18	BULBS	Tim Eck	Seeds	Crinum bulbispermum	Jumbo strain	NA	NA
